,City,Title,Company,Location,Summary,Salary,URL
0,Helsinki,Myyntipäällikkö,Finnacta Oy,Espoo,"Etsimme asenteellisesti lahjakasta henkilöä toimimaan yhtiömme myyntipäällikkönä pääkaupunkiseudulla. Toimialueesi on Helsinki, Vantaa ja Espoo....",,http://indeed.com/pagead/clk?mo=r&ad=-6NYlbfkN0DtHlbVmCuoMGCH-otvTazhiD-5Gp7bEjjE9EkCwGU0SRDO3uUKX07EXEdL12zkpbxmfpAc65WY-dpnenMiCneL4QpyqY9r8QVq4sNTRF5f5aS244hWDrDLZ1Bb_RVITRP4VmBJE8HvZFrHPBrvUdQzpEXWzzmCkbEWndb62PR-vyYNYEXAJ2afRfLVlaue1RkeuOXnqH8h6LHPJv3DiSwxN7acjpcZYSXaIocPmgxc4r_0_7KzWg7MWnuZyGXt5RgJSlijTB5QfIOIWyP6-whNA2ev2UVxrQzJ6foh_d3fUsJcrI2Lu8dKTiD7L_NCoeDID_aiqXg55pNz73UwucTuNyKFvNDvbST0P6SgVRfNnOFeFIHAl9An6hS1sacdQ79NDl3RUqK4KbB3VBP0tnqzXKBsAONXwiiHcWAoOQ_yAFzKYz17ZvjnEy4BuqYpfDY=&vjs=3&p=6&sk=&fvj=1
1,Helsinki,Customer Service Coordinator,Vaisala,Vantaa,"In Vaisala’s Weather and Environment business area, our forward-thinking team focuses on providing solutions to react on challenging weather or air quality...",,http://indeed.com/pagead/clk?mo=r&ad=-6NYlbfkN0C-y3nPVTcVVIQYCDalq_0ZwvXIP-cKtNq3Q5aJsS20Z9x8e-ifIvOG1_iIfBO9-EcGmarDzRWBiBTrnZw4R9S-pjb1jDS17RIoY73xABOdKkROn-teT-h25pBXuyGBttfLH3dew83421fYI59DBe2_X38tHsWB_DfDpIxYSuiofaA9ki66KO6yfJXyx1mZTo3e5_B0dwMu1edwokCaaVS27GXOd-ASMPHBNw94FurjJ2FxkBG9XSpWMRkRIyBIV6mbd-OZAFp2sW9anA1KQXCEiM2kVbBVkFu801o6NbDSFj3e6XU5xHsQe11d9F7SiI9QWoSEzJqm6ciqOF0fVQ0VX_bUoDt1tEa2soLX5AbfWBSf5nlhdP_l6Ej13reXC_DsNYjXa8wW8MCSjTCECdzAz5JuLHODN4ZlD-GCPF4s2feLJJPQJI1w6gRAIxvLOMkPLmfB621xc27h8ybETzRDQilLGgPwRws_GCuCgsljvxLKo5oU4XCroRl5j_Y-N0lSNcHLKgNJXUKbZdSnUmY39bKcPKioNVC7tNhsDiAlkbPN2kaT2ksgRhBBXbpysBTHa5XvGvqq2LC3pwsQ1KJB7EPUB6CCiB9oX9UpTWOMKHSWU23gN2kHtyF1TU1YJf5pNV_mQH05sWL5VVHn3GBc41GMPSWplYpJk2hMJvGUbxzLTwg9l28jQljYms65vg8=&vjs=3&p=6&sk=&fvj=0
2,Helsinki,Myyntipäällikkö,Finnacta Oy,Vantaa,"Etsimme asenteellisesti lahjakasta henkilöä toimimaan yhtiömme myyntipäällikkönä pääkaupunkiseudulla. Toimialueesi on Helsinki, Vantaa ja Espoo....",,http://indeed.com/pagead/clk?mo=r&ad=-6NYlbfkN0DtHlbVmCuoMGCH-otvTazhiD-5Gp7bEjjE9EkCwGU0SRDO3uUKX07EXEdL12zkpbxmfpAc65WY-dpnenMiCneL4QpyqY9r8QVq4sNTRF5f5aS244hWDrDLZ1Bb_RVITRP4VmBJE8HvZFrHPBrvUdQzpEXWzzmCkbEjJgK7hJjS4s07ejpwI9lu5YDVR0j907wEoTp7VOeiCYMkntonXm9ZLve5tm7PdhuoQT-ArqbZ2_4kHPPFLL3itHH8whSfg5FwHV7IeqFHuyuTREKa22E4wytUge756QV7nk0YC4zOUT3m72-AcekobGnSkX89K39zK9txUIF8YZYgZPezIi2DF1NEhtAoyAoir7Jz9eQwsCw5nDh03PZFzJq3EycFbNRHgjQo-7Ysht33fYMiG96LyOcD7kXP7EMeBJ2-cz5pw9u4bmpx6MGdSWq_gfeGmag=&vjs=3&p=6&sk=&fvj=1
3,Helsinki,Kotisiivoojaa,Marian ja Sillä Siisti Oy,Helsinki,"Kotisiivoojaa pääkaupunkiseudulle Helsinki, Espoo, Vantaa Etsimme kasvavaan tiimiin iloista oma-aloitteista kotisiivooja - tule meille töihin Työ alkaa heti...",,http://indeed.com/pagead/clk?mo=r&ad=-6NYlbfkN0An3P4t8uVi_ELAiEweLM6QzWd7uBv5QyBBjYY1fC0F7ceVcSLczbDxQK2n1xgfYjGXniu9WStnG7htzjZyWaGh8SzT8vKjdAK8b1krnxHAumgKbL8W6dyTiXjm-1Vo1P9F51cz9tnWcpUcHQ0nXGQZ1YvF_3Ou3nja95r1QNX42A-ZQGt2f7tuSJPa2_IdwpN5birkej77aAdiFJWBvoIA0YhAh_xKU7QbtmzGyf9VP2upugnnmzVz9FOwka59uOh8xTnesQz_qTxSqs4JvwhhADGbgfWbl6WYO8xJHkRhAQ2YugWQjQ2VGJryGaltviTOEv-f-Byr-OYLHKJDvdtB_yHw4oF8MjxFP4XehFH6ud-qHuvFeK6I0n1nGfetpwQCI4JZhQcwp0CCURFvwhISiNQ9JTZH1N8=&vjs=3&p=6&sk=&fvj=1
4,Helsinki,Customer Service Coordinator,Vaisala,Helsinki,"In Vaisala’s Weather and Environment business area, our forward-thinking team focuses on providing solutions to react on challenging weather or air quality...",,http://indeed.com/pagead/clk?mo=r&ad=-6NYlbfkN0C-y3nPVTcVVIQYCDalq_0ZwvXIP-cKtNq3Q5aJsS20Z9x8e-ifIvOG1_iIfBO9-EcGmarDzRWBiBTrnZw4R9S-pjb1jDS17RIoY73xABOdKkROn-teT-h25pBXuyGBttfLH3dew83421fYI59DBe2_vJyjd20UlNwdfECnazwvqSIr3jn1igAshJfrIfM_dl9m1D5hqwCiu39ZlmLiZgpwNfTtbymSh9EIpW_PXl5QONIiXLAJjOyA6DAN0P0Nni5GlHNF0Y5uy_ptFBQHwjKvsBS81hD0ZbL4jeS4oMBd14QBl2i_qjtjHR0EGjD9CFaUUBak6fiRPI0thS92NtH-gS5deNE4-ubeVgRErEKggpj3fD3g96Z_Nxqp1uiWbCvKvSZKpzVVkN68_Fvx0lPXXiGUZf5TsYGrtbcgHzraePHa95QI-RfBrl4gpJnBicp-WRaY6jcpqgqg9pOA7Ot3wdD-bltgwCQ3rVFcpn1llsTsNzKoIhtMcEmCmyr0foxcNUT_Qytj-xnJqOjydxFaZps7lJBHDO7bNRkhSbk4Uy-kSFTLloffNUv0uWUUV9e4VS5tYS12VMRHbTyCCPgiPBu94eVaNPkgtrIHtLRXAZTHwaQADk9y4SxxzwGwlFzgbmapGeTN4WeucYDM34lWqQBk6PiA7MeATM_Bwtq3ogyYcNi1jSIZ7Dv1gUZDPH8=&vjs=3&p=6&sk=&fvj=0
5,Helsinki,Customer Service Coordinator,Vaisala,Helsinki,"In Vaisala’s Weather and Environment business area, our forward-thinking team focuses on providing solutions to react on challenging weather or air quality...",,http://indeed.com/pagead/clk?mo=r&ad=-6NYlbfkN0C-y3nPVTcVVIQYCDalq_0ZwvXIP-cKtNq3Q5aJsS20Z9x8e-ifIvOG1_iIfBO9-EcGmarDzRWBiBTrnZw4R9S-pjb1jDS17RIoY73xABOdKkROn-teT-h25pBXuyGBttfLH3dew83425VX0hANpzyx2tXg0oScoxsFuoUtxxsBA-NBDEicjFW_MdqWCfUAiLqETi2gKSXhQz1W8mTjS8CSp7860WoxTNd3kfACaPvVF9B-1doIf3Gn9jggfvZ06oAoy76cX0nhe5pnOvuLL8xi67GhT_7jF1voefUWIwVEGKJaojIfO2OG51nelymMQdqbHDwrM4bGOxLlLVi2sx-5fOnG7zLU6V_YEmp8DXmb9uc4D74ehVoqwLMT5BfL0Ez-tY1bxwqEuafo44TERSDBB3Xi8_xFk8MFTV9H6SgoVJqYMms1b4iTZvL-MJhhLYHy9uauhK2iW1P14GnwVUg93J9VqgujpxoBbAGfYie79do9c9RX6rWjewdGn3MDezXpgeoB5qBmH6D-rIH-6HrVdp-rSW4XsvLPmZe8cpTZ2bUjGu-njADQoji3dLinn3uj1hhnWpsBDTcZ2IjLisrFEyQEo2g68wQIReaomfKbhYOJ34vTINSowf_RscpxsQScrZ3gUh6AGTSIyomqGUgHn-Spec4BrzBshaX94-gjQUK7mV7laP0xdqmoakCoq7I=&vjs=3&p=6&sk=&fvj=0
6,Helsinki,Myyntipäällikkö,Finnacta Oy,Helsinki,"Etsimme asenteellisesti lahjakasta henkilöä toimimaan yhtiömme myyntipäällikkönä pääkaupunkiseudulla. Toimialueesi on Helsinki, Vantaa ja Espoo....",,http://indeed.com/pagead/clk?mo=r&ad=-6NYlbfkN0DtHlbVmCuoMGCH-otvTazhiD-5Gp7bEjjE9EkCwGU0SRDO3uUKX07EXEdL12zkpbxmfpAc65WY-dpnenMiCneL4QpyqY9r8QVq4sNTRF5f5aS244hWDrDLZ1Bb_RVITRP4VmBJE8HvZFrHPBrvUdQzpEXWzzmCkbGjdHB2og2YWMH1pT4kyFKu06pu-QhSXhmGyfjhvvfkV0BD3eC58fuPn6X9JqEYB5kFpnbsB6WqXcZzsd2QmAQz8RVw4ZcgwiIVLmAfI1l8S454oTBA1u_mBCJjK7xEf7M_LDvEYfpWVcdBFrzMPxq8O9az8MrGznnsfyWa8k_Scf_NBVi3Td081Y4zP2gfGT0T4ofs80D7MTeLq7uXxt_Su--U9BQ-TB8kJdku26Q6_4JLN2JSobUkfrpvR9EiCvfsLdmbjalycXgAK9ZxKUPhioLiIy68Lxg=&vjs=3&p=6&sk=&fvj=1
7,Helsinki,Koko- ja osa-aikaisia aulavartijoita,Prevent 360 Turvallisuuspalvelut Oy,Helsinki,"Haluatko siistin työn, jossa olet paljon ihmisten kanssa tekemisissä ja pääset toteuttamaan iloista asiakaspalvelua muuttuvassa työympäristössä? Jos...",,http://indeed.com/pagead/clk?mo=r&ad=-6NYlbfkN0Dr5X7gwn7SfSqxLTIffrtMgTwDFH0yl8fMAdgkb9ALQDPF_NQ0ZvgweMxw5nvgkkWOO0DKjvy-z0n_d7qCodJe-PH6ik6vlCFGn6JIrPu_RFu4y_EQRR1lNlv7cNUVHbn3xZ4oBZ7-nth8WXz6-M-AHOTuEtYnyWtGML9F3GCpW8LbhFbApi-R7b_rPo_62S2HItA3uNOqLExIRJZ1fByGzMilYQ0W1B_cHwooxM37gUyKVd7hb7_erv-91yDhhLavldEN-uiE_38TCUQJwzOSbUl-1yduELk5ayBcs8sxd3TUA-xOzOxiRb6TKYi5ygl7jegp15p_MJtF1HXq9WaO2lPwPu-LUAsgeWkGFKodjGQ6xDIpdFxope4dJFNdvoXdIrnuz5vt0ZpHdKH6u1bpTDc7to7ISSZgABeqqhIxc0Wz_83RTM_cFF79EOhrprSWFaMTZou2ChdDaiiBaJVrUarRh8a_Z8Ch76gZT8jFwYIhZBfWTvO9z9cbTn903e2Ikz76kVPadJUXeSVtbqTbss16H5nBlx68_ZBRpeChyzWZP2jfl2jFFELvxXzn77dGb9hLK403_5QGyav7I4Sht-QjhbQ-6Q608GHZRcd_zZ4g_n5UO29eyEtZhtCNDmUv4LVgJLvrG5SBYYgBs-8cHDYxNMxDASQ=&vjs=3&p=6&sk=&fvj=0
8,Helsinki,Customer Service Coordinator,Vaisala,Vantaa,"In Vaisala’s Weather and Environment business area, our forward-thinking team focuses on providing solutions to react on challenging weather or air quality...",,http://indeed.com/pagead/clk?mo=r&ad=-6NYlbfkN0C-y3nPVTcVVIQYCDalq_0ZwvXIP-cKtNq3Q5aJsS20Z9x8e-ifIvOG1_iIfBO9-EcGmarDzRWBiBTrnZw4R9S-pjb1jDS17RIoY73xABOdKkROn-teT-h25pBXuyGBttfLH3dew83425VX0hANpzyxH24rEb5AUjKJwd-AmukWm7FQJ05DHU74J2MJme57mycYTMuZDiVlr86FyjKqnWm-JyDZOOQER1ztI8y9wxFrSwP3hqQWHMTnBkS7C5ljBJ7fd6myni1mVr-52IeoCvGRQ6qdXRBCq2Pa3rX81WmrdOR0T0Eoqul7wB6Rg3zmbAjjar9J0jUT3iBdSU9sYCrHz_3EvTCIO8JRK8ikE6ggYAddL48s1orsMtHROYBefQqARGyKp8fhSWauW6aN4rOicKidM1C6NTYaWrxUI5HjB6zXasRZ43Njw8rnGwsuFVRi5SvofJhrlnDKnLYAcVwLsn32LfyX1mVvWR0NBDPEoIqIdYtpFJNMUMuan0mE6DBpxWH_xzmMwZ7bwJZN4houOQYNEKk-cnF28_JE0YNoWct4eayj69VM93HSCVzeRFDYBOuSPeUJN16nVkTJ3d9rCd9KcNWikXHgUEbdun1gAWd-6NYWhWQa5syPHfwKOs0Y7XW968Xu6cOU0gFCHhILc1qaXN9JZu5IegSV2GsNeLDkHso5GS5WAtRPYagIlTY=&vjs=3&p=6&sk=&fvj=0
9,Helsinki,Customer Service Coordinator,Vaisala,Vantaa,"In Vaisala’s Weather and Environment business area, our forward-thinking team focuses on providing solutions to react on challenging weather or air quality...",,http://indeed.com/pagead/clk?mo=r&ad=-6NYlbfkN0C-y3nPVTcVVIQYCDalq_0ZwvXIP-cKtNq3Q5aJsS20Z9x8e-ifIvOG1_iIfBO9-EcGmarDzRWBiBTrnZw4R9S-pjb1jDS17RIoY73xABOdKkROn-teT-h25pBXuyGBttfLH3dew83425VX0hANpzyxtZk4JI3YH9O5JanHEEj69N-2aSmOHdsAS0NEda6r4YNqlsloCief-1l8dLIZLHeoC82VuXNLo2BUcdoD9rBIvrGlsava0YUJAsEcYPM_vV9QCMpKgYN0i8SiCUg6gmAnVO0mIDJ19t-LQD17y9rT0vvYitiVUNcl_OgKbYzojzBnVNHF3QbApLi6WD7Zs1Y_iIXTy4lF1Ylnp35cII4XWrxkKmO_Vdui9d4zmlHN6i8EaYACHbe4G7EGihMHW3Rtog8yhy3-DgHXpBJmqRYDshHVAoQhJyXeakGNHGYkLkIjMqKvZzsqcf6RHsPF3Ujv0grMX8UROMCzsv-9TDGamG4FnRGfIBDNJwSDmWk1SEW8MZ2BAyj5Y2mB6Khkx0PNoE3Ldt3lzHV09BodcT6LXF-RkMZlTIvZxuGiMyIbCzghff8xJm9RFPqkJrA9MV0k4iiV-LBi1oTwC4Ta1dN6VNukKS8qO3fTApvuiLYaIVrqmS6SamHx5SIItvO0zENhsSGQA6XQVBo06RCd4ZzulMw7IclsSeF1hLLvfuX1k9Q=&vjs=3&p=6&sk=&fvj=0
10,Espoo,Myyntipäällikkö,Finnacta Oy,Espoo,"Etsimme asenteellisesti lahjakasta henkilöä toimimaan yhtiömme myyntipäällikkönä pääkaupunkiseudulla. Toimialueesi on Helsinki, Vantaa ja Espoo....",,http://indeed.com/pagead/clk?mo=r&ad=-6NYlbfkN0DtHlbVmCuoMGCH-otvTazhiD-5Gp7bEjjE9EkCwGU0SRDO3uUKX07EXEdL12zkpbxmfpAc65WY-dpnenMiCneL4QpyqY9r8QVq4sNTRF5f5aS244hWDrDLZ1Bb_RVITRP4VmBJE8HvZFrHPBrvUdQzpEXWzzmCkbHtDs8DiNX9ALyjmHruMYE9KGSbIptvXWVSyt3zAQG8OQmj-7Fo7usATOa3Vvx1Qp0DVWDUdiGG7GRqnrR3j3hsfFTM2Nizj4H9W672MeeCr1LvcOortnXMo3Pmg3auMmmWbnRfOrjzU57V5WNK68vnZXWVOhVKykVGFggbzK1RvkPkldicUBmy95vy6S3zemR7cCqyStsi6ykGDs67Go57EktPO7yHo3_gxb3hW2ZZBFHwO0lSD4lshH35wn8I9BKk53wCYN1NTEBpKwfzRS05xlAOxHVo1oI=&vjs=3&p=6&sk=&fvj=1
11,Espoo,Customer Service Coordinator,Vaisala,Vantaa,"In Vaisala’s Weather and Environment business area, our forward-thinking team focuses on providing solutions to react on challenging weather or air quality...",,http://indeed.com/pagead/clk?mo=r&ad=-6NYlbfkN0C-y3nPVTcVVIQYCDalq_0ZwvXIP-cKtNq3Q5aJsS20Z9x8e-ifIvOG1_iIfBO9-EcGmarDzRWBiBTrnZw4R9S-pjb1jDS17RIoY73xABOdKkROn-teT-h25pBXuyGBttfLH3dew8342x-5bqnCefXd896t7l1XwNqmEh1uRVfQiTlKIQLylcVEE0U-TQSwYjVehpuFMwaqNLMgW0XLrrSo7_2h3AqBCPN3eem_mKGSxE1m0iSV25_yBXgy-T1UK_5wrjnBsbx5NQRFMyNacq4VKQXak0lHPtnn0Im_ggTYXC6oHl5KwqfVwRVctdP9vwXSp6Zk2zS9WOkfvycCknYylZS9FIdpI10l2J0q0C2K58zbPBtMkBMuIgD-KzK4913KKEkAFdrhiD_YyNeESzyOUc81Bl5hSoeEFNuMeqCqG0AAoeHALH3UlyyRPEZ9UMk63A_BzMxT_qiFsjtx0sUtdGwfWNL-Tms5P5tbsPpSF6T5D1GDTk2_6ypQqzluNZ-QCA4qscGq22QtSSVpnBNkMXSTO-JcM28bXxnUqdwab_I03jF5Hzyh_XsbSLsGEjG4uRE7F7ob_jGbCjCcKFZk08M749MSapX074UKaQBMGrmEwfdvCYwnO1G9vD3ntu1wB-Npu_xA9tV8JNfAlQLKLsFNxzDenJoYIaZ2yPBYZoFJf4_DZD1SQjAahRLD23E=&vjs=3&p=6&sk=&fvj=0
12,Espoo,Myyntipäällikkö,Finnacta Oy,Vantaa,"Etsimme asenteellisesti lahjakasta henkilöä toimimaan yhtiömme myyntipäällikkönä pääkaupunkiseudulla. Toimialueesi on Helsinki, Vantaa ja Espoo....",,http://indeed.com/pagead/clk?mo=r&ad=-6NYlbfkN0DtHlbVmCuoMGCH-otvTazhiD-5Gp7bEjjE9EkCwGU0SRDO3uUKX07EXEdL12zkpbxmfpAc65WY-dpnenMiCneL4QpyqY9r8QVq4sNTRF5f5aS244hWDrDLZ1Bb_RVITRP4VmBJE8HvZFrHPBrvUdQzpEXWzzmCkbFy_BF50xpFdYze_ahxDYZqjtKK2HqvHjUtuWTFAULi_ggdn6Iz7lFCyEtR3d-FQFmVim5vk_WVnKbbHZIQu19bYYXB7GLytHKmLOGEawQtxiyTskM5dhNeUZLZH-gK_ggjm5KChmYkx5nfCm4DrdDEtcoZwngeDrdkmlL-p4Ojj8jKgYlPDRJ-Sp8UqZjaMBr3LyArDvK-RIsQ-ySDG3EVwx8znyBPRDo1rcPL10CG9sVTAdtte46UuH5MhJC-gpPslUMvHoUUBMPkV_j_MHA2LvZ92V1hvIY=&vjs=3&p=6&sk=&fvj=1
13,Espoo,Kotisiivoojaa,Marian ja Sillä Siisti Oy,Helsinki,"Kotisiivoojaa pääkaupunkiseudulle Helsinki, Espoo, Vantaa Etsimme kasvavaan tiimiin iloista oma-aloitteista kotisiivooja - tule meille töihin Työ alkaa heti...",,http://indeed.com/pagead/clk?mo=r&ad=-6NYlbfkN0An3P4t8uVi_ELAiEweLM6QzWd7uBv5QyBBjYY1fC0F7ceVcSLczbDxQK2n1xgfYjGXniu9WStnG7htzjZyWaGh8SzT8vKjdAK8b1krnxHAumgKbL8W6dyTiXjm-1Vo1P9F51cz9tnWcpUcHQ0nXGQZ1YvF_3Ou3njetLV2pjKzjmlNycOqRKuuX_xBNW1YTk-WJzI3qsFI7JN7i5v4BHILf18zsKlV3in1NyFeRsglAwuDqqsbR-aLsdU8DZIDpn1esCKvv_2EJGxYZpFMRD9nr1wgSHNi-0OJ_gfcyEtbq7lMJJRqgNwJFO7SBSPum1eP9AqxU7o4j9rB-Ics6BYqTXRuh4WY79pkVyyRUnu5uJ7U4AP2TqFQ0GB5vA4AmNg3FKxoo7Wtaizmknvq7fsvvnfwhkwJK1A=&vjs=3&p=6&sk=&fvj=1
14,Espoo,Customer Service Coordinator,Vaisala,Helsinki,"In Vaisala’s Weather and Environment business area, our forward-thinking team focuses on providing solutions to react on challenging weather or air quality...",,http://indeed.com/pagead/clk?mo=r&ad=-6NYlbfkN0C-y3nPVTcVVIQYCDalq_0ZwvXIP-cKtNq3Q5aJsS20Z9x8e-ifIvOG1_iIfBO9-EcGmarDzRWBiBTrnZw4R9S-pjb1jDS17RIoY73xABOdKkROn-teT-h25pBXuyGBttfLH3dew8342x-5bqnCefXdBjeZRwbMuj1SZZJ5sq32fhW4nehptDct7vILRJeIYFv0toYC2dl4oRyt9drkovpGBL515yP0oJ5_TS9EJNWHqM_6DRpwGLH9tjOlIisvQWTgy4cvDyPCC_va5U1FY4qrRjNjjDdkiUI9fl6TYYy-oiwhVrXw6cSTQJa0C6bVDVuygeqnxhXJqB9Vuh8fhKVtHZol7JHe3Zl4I0dNiTikeSJTiflMGucs6b11ROXrtsgozpuP-f9A3V0yQAsEnyLUzLRyqlfwSo0_-zh2W5_ezMvrbBGISqL43tmu3GWnPbTMPmuSxyonA1WlNDmRW5ec4dlWnI_rMFykElsDA_s9XuTpaCcScIidM5b2u_di6QOM3PnOoXIJl6db-vsBRJ5K9-oUpZfr3as0XcTlbkQFGw15yUbsgEpeZf027MTHwi06jJqXqk0Uj0ruPb2rohCpnjyC3LgWIn_vKZaARpH8DxHBRpwtUZyshOgbCwJWlIK938gqinHgiox4AoI6MOC7M_BJn2pvYL8g2l3ueYIpI802YCtxl9OL9V5qS0H8LwQ=&vjs=3&p=6&sk=&fvj=0
15,Espoo,Customer Service Coordinator,Vaisala,Helsinki,"In Vaisala’s Weather and Environment business area, our forward-thinking team focuses on providing solutions to react on challenging weather or air quality...",,http://indeed.com/pagead/clk?mo=r&ad=-6NYlbfkN0C-y3nPVTcVVIQYCDalq_0ZwvXIP-cKtNq3Q5aJsS20Z9x8e-ifIvOG1_iIfBO9-EcGmarDzRWBiBTrnZw4R9S-pjb1jDS17RIoY73xABOdKkROn-teT-h25pBXuyGBttfLH3dew8342x-5bqnCefXdkVojFYr0jKJ3Bjp2T4c6J5p305tdquBJpEftmIVWeuqbPINdaLr7-KAwVGx_OuEpbq_A4s3ZXkdvupdhYmnTqi_mu3amxEceFoSHptsg7CmrMVvIkx7LcLsnlxXIK0erKPiznn8uWMFxrKT4fD2zrx5fKxYNmoI6wGqF_J2QaRLKhEuQDq5ll0l1ZvVDKSglSW7NP8qrNPLhrPYyf6HOrnGR44QWgaIUrrkXi0KnpUZLHcPI20zpXKTXZbt7sKdervN9J_Gp6obdqGeIhFzt2gfBvb1gpAWDF0PUS1fyaHAd0WJ4UO0ZC7QIuXtfuHWAdNACBMxjqJM0Kk8S6w0WtxhVYFIrLUibeY_FZvREP9OnC1SkSwMWMx148jI5jPVW0ieJFqUHl0GgbyOsf-fvtYhz8uZFvXN1h-xBtkUv2vyJWF8UdaiEng4tCjDqYe5shtOJD4t4J6I5S8QeTJKP8D9HDw3QDkNRaLD8orDMNiXJBmEwj96WPMF2rlnxVAkXnZl8NTKo7cAdEng3zZWC1I-yl5fxN68Qb74jFtqd1Eo=&vjs=3&p=6&sk=&fvj=0
16,Espoo,Myyntipäällikkö,Finnacta Oy,Helsinki,"Etsimme asenteellisesti lahjakasta henkilöä toimimaan yhtiömme myyntipäällikkönä pääkaupunkiseudulla. Toimialueesi on Helsinki, Vantaa ja Espoo....",,http://indeed.com/pagead/clk?mo=r&ad=-6NYlbfkN0DtHlbVmCuoMGCH-otvTazhiD-5Gp7bEjjE9EkCwGU0SRDO3uUKX07EXEdL12zkpbxmfpAc65WY-dpnenMiCneL4QpyqY9r8QVq4sNTRF5f5aS244hWDrDLZ1Bb_RVITRP4VmBJE8HvZFrHPBrvUdQzpEXWzzmCkbERxU4PZe0AFbthv3iGDjJtk4OFunRmYEzRyBls8yLihHy99F_kiMwHc2LLpvVeQQhXRsW07hbiFBABP14i6dK7_UG42q7Ff74MkF5WgX5aAftsu42T22pYdQ2KRPThd1hGbV2o5zMgT5PLiMsg5BlROiGjMUEI3MwFZt2NBgP8vybh-TwdIv4ATH-Et5qFb9toZjn65c-J5gJlrLbf-PzlNtAKXL-DUPQP2HSyvqnR_QS_eiTX0s2lS5PimJR9DOgr6gi-OPBXA_ICobbbFACLfkZUIDxJ_o8=&vjs=3&p=6&sk=&fvj=1
17,Espoo,Koko- ja osa-aikaisia aulavartijoita,Prevent 360 Turvallisuuspalvelut Oy,Helsinki,"Haluatko siistin työn, jossa olet paljon ihmisten kanssa tekemisissä ja pääset toteuttamaan iloista asiakaspalvelua muuttuvassa työympäristössä? Jos...",,http://indeed.com/pagead/clk?mo=r&ad=-6NYlbfkN0Dr5X7gwn7SfSqxLTIffrtMgTwDFH0yl8fMAdgkb9ALQDPF_NQ0ZvgweMxw5nvgkkWOO0DKjvy-z0n_d7qCodJe-PH6ik6vlCFGn6JIrPu_RFu4y_EQRR1lNlv7cNUVHbn3xZ4oBZ7-nth8WXz6-M-AGWiog5bEFXGrqOsvUN7FQfMT8GlKQKrrF9tYWjQVG_J4vH5RrrNyTw1YAeTdRe62MclQpCwuuVJ-Zi9aGnxDxmhBQDXTuA7ZJ53LDkx42rG7mFH1Jbn8QTdGIkUMNZ5KK2MPqVOduEwiIPFhDzpnPAfFhQRYapP38fpCgqLpHrOoDopFJdbKkoAZ7eej3kOGpOqxK2EpAEjxzSZ3zb0SCTQypf6NzreRCqFS7SiFt3wWHuwM0hpULGknQ95NkiU8LJsBmnDJTHIjejGP7YK7D6XOS-itGXI_yT5gI06jp8wDGlw492rqgbLcwUYdvDv8FpiZUnovx6Eh9jq_I0_slYS07SvEoJvFPt6OoVPsbBSi_n3Gv9_JQFjQhDKLPv8nmzfTAN6iOY8yCZwtg61MaoCpG73HmVMPvwQyIKpEHoj9rEDEM5JZDa9ktmZEoalH-aMOkmpnrb46_SVqveeRM_TB4_El0gUaXarqLs7akICVRnB36adlK4jtISo8h-wbVqbpHLlO_Xw=&vjs=3&p=6&sk=&fvj=0
18,Espoo,Customer Service Coordinator,Vaisala,Vantaa,"In Vaisala’s Weather and Environment business area, our forward-thinking team focuses on providing solutions to react on challenging weather or air quality...",,http://indeed.com/pagead/clk?mo=r&ad=-6NYlbfkN0C-y3nPVTcVVIQYCDalq_0ZwvXIP-cKtNq3Q5aJsS20Z9x8e-ifIvOG1_iIfBO9-EcGmarDzRWBiBTrnZw4R9S-pjb1jDS17RIoY73xABOdKkROn-teT-h25pBXuyGBttfLH3dew8342yyl-3wdJtyw5dy-LFcNsmdnN3aW23BW_0_bRRH64DlCHoLjzrVRtO0pfkWczs_OWGDq49pVdyT97z3vPEQIeB_o5KGJ1ufvc0y-lxJi2GRNcSR-75SnuT_mzdFDn5ggZ-AXj2daK78uuIKRMwwAxHh7oiynKV4KF7VHOUiHsnCbD4S9Q5rwhJm1ev_INwP0iGw5nEOWgSQWZ3QUE7s5CZnRWy8bk3lJYN6DnKGVvWk-Vl0s1KPyMvQgtcaC69CyOFk7AWAGIIfrqH2g7KBWwtn6N1LgK-xLNpZe65zaiemKSG9tp73atlk4bvLPtWaMowCR4Y5Tbk-4-T7v50p0cH0hK2DwD6XHpQgqur4KEJS4hi6u3f3rUnJ_Zsue5QVZvKSDS4LlNoBXMSEhVjJz38vxx8rAq6sRpq5YDqTh_DitxB9JOdN6xEmop4Vk-IHvAHrF6BVF7kzgPAAJ8BbaT4WbpXiPr2i9vi-vdyE9nRPDUInpCMkAHRZRsdEUxMJ1HSrdsY8xN_Rgrcqj8tUm0IqQXM0DQtM3_o1URPbMPuAfOgOO0ar6VGk=&vjs=3&p=6&sk=&fvj=0
19,Espoo,Customer Service Coordinator,Vaisala,Vantaa,"In Vaisala’s Weather and Environment business area, our forward-thinking team focuses on providing solutions to react on challenging weather or air quality...",,http://indeed.com/pagead/clk?mo=r&ad=-6NYlbfkN0C-y3nPVTcVVIQYCDalq_0ZwvXIP-cKtNq3Q5aJsS20Z9x8e-ifIvOG1_iIfBO9-EcGmarDzRWBiBTrnZw4R9S-pjb1jDS17RIoY73xABOdKkROn-teT-h25pBXuyGBttfLH3dew8342yyl-3wdJtywibZply1pMZIpsRVM_oWzWSQb5Seub2Y-cMLkfcmU-zrk7UIdJ_WFOn8m9b4X-DZrfdKP4tbahdUnV-rHWiLnagAe6273GK_XA25nZzJXnjZ3bjMSeU4OoqG1GJBM2nd7iY2AO3Yj1MwrSZX_iFMwY4ny3vFTLXmUj_hOhxHc_g8fOK21Yq_Xmt_NoOF55q2aP1FUvj39BM3QQz-6fTEwmYEYT173DkVBQb1e02lCFLMJk4KQvWRoEFW45AcVltWKmkfaP6whowIJERLG5zJAQhTiiW0aqigfzJTbLhsLqGeEM4gPFcNawfDxcZerWpOfrHC-aT2j_RkFjrAVbNlIOr1A_RVRKoFN86oMh66vGPb9uSCzYaX7ag9O63SKaWqlPCNcfv75QQv6687Aa5DkrTEP1xVm-xQyGGdXVtN4TNRfNCY9ltp5adkT4z7l4k9d_d1fBWrH8uWu6tqhCsiH4NZvFfY-cYlCzwkw8MHpTarfKcS6a8ECybT-uLFfRhMIqZpQi3Mbqnbj3O6EsxxPLrXs7xtIscdG3UN6LId39hI=&vjs=3&p=6&sk=&fvj=0
20,Oulu,Myyntipäällikkö,Finnacta Oy,Espoo,"Etsimme asenteellisesti lahjakasta henkilöä toimimaan yhtiömme myyntipäällikkönä pääkaupunkiseudulla. Toimialueesi on Helsinki, Vantaa ja Espoo....",,http://indeed.com/pagead/clk?mo=r&ad=-6NYlbfkN0DtHlbVmCuoMGCH-otvTazhiD-5Gp7bEjjE9EkCwGU0SRDO3uUKX07EXEdL12zkpbxmfpAc65WY-dpnenMiCneL4QpyqY9r8QVq4sNTRF5f5aS244hWDrDLZ1Bb_RVITRP4VmBJE8HvZFrHPBrvUdQzpEXWzzmCkbH8mKFvZ_Dbyp_m_gekSDPWRoExoFxqg80zP_DJdBxwG8Cyj2lIp9W1-QZxr3d_FYRAlgD0ErGAs1RrzayCKt__bfhAjeZmS5KQIYcPOL275nCYwe32HZzzHduxwdk2cWs_p3M_FfdRm2TK8owExAMEPT7pQQaPyp0OY8QM0zYe-xqONaGI-zYwYdKd9xFPcdTdtf208nWPTsQYL6RjHDQAbOP7YctGaPaz4K58rQR5Hg7WKKXMIkdPcvA7NzeNSNytFbKTdf0v2YuiM430n1afhlAsDo1Vivs=&vjs=3&p=6&sk=&fvj=1
21,Oulu,Customer Service Coordinator,Vaisala,Vantaa,"In Vaisala’s Weather and Environment business area, our forward-thinking team focuses on providing solutions to react on challenging weather or air quality...",,http://indeed.com/pagead/clk?mo=r&ad=-6NYlbfkN0C-y3nPVTcVVIQYCDalq_0ZwvXIP-cKtNq3Q5aJsS20Z9x8e-ifIvOG1_iIfBO9-EcGmarDzRWBiBTrnZw4R9S-pjb1jDS17RIoY73xABOdKkROn-teT-h25pBXuyGBttfLH3dew8342yyl-3wdJtywxKF31auY_u2Qce1GXL1m_ZFTpISmDMt_Ef2MTcCnA4KL4wpygulEKOuAadJSaIlf5d22rMEDl3NpLgltrcFKChM4Bz1NrGR15f2kBfZ0A53v5UKZWdIaVkJuF-5wS1ak7gKInmS4Jbrd5pMSFk6YcqZUNl4LLcPQg0PjwA5-vOCJEzkWM0gxxei103C4Ojh-iSCoGWfS8wrnStR09WuijfnOUFgwHmqZ5FZKneFI9uvdef_UVTt8JGBOcnfW9-U5NVxa63orTfBm59e79eznKmZToPBooznrNaSHF61mAWx-zpmnMvmnQ4c5Wempp9T0RZqLKwkLxU0CAdAfK4c05qo5Y_dmXF6QPjcG2gmQAbqTkGjjOvfhpOCpZ7d1AEjo278uh90UKUBoVhA3hTMkuTL9fwENZBqrxvJlwijIXRa4ui8QBN6RKOc_EnzFDX7yJN3bT_XCJ28tRhvqpypU_6ovyq8TdTT0mNFePUo66LEu7h8C2fhElsWcDSKe9J4t08b2rQrCnhl3WUnpCSC4zGBSpeuzl8HKxC_k2Wlz9sA=&vjs=3&p=6&sk=&fvj=0
22,Oulu,Myyntipäällikkö,Finnacta Oy,Vantaa,"Etsimme asenteellisesti lahjakasta henkilöä toimimaan yhtiömme myyntipäällikkönä pääkaupunkiseudulla. Toimialueesi on Helsinki, Vantaa ja Espoo....",,http://indeed.com/pagead/clk?mo=r&ad=-6NYlbfkN0DtHlbVmCuoMGCH-otvTazhiD-5Gp7bEjjE9EkCwGU0SRDO3uUKX07EXEdL12zkpbxmfpAc65WY-dpnenMiCneL4QpyqY9r8QVq4sNTRF5f5aS244hWDrDLZ1Bb_RVITRP4VmBJE8HvZFrHPBrvUdQzpEXWzzmCkbGcIZqjnzMpM23Pfj3Vz5Wo9wE_SBR81miOVJHwfG0L4Xe-h2IxPLcI-fxAXW-2pLuoqzMXKPbSrIWPNY28lih1Ncz3fLQ8E2d6fTV9z3bKcD4NTkLktchLeYCAEkCydMIHMIBd2JUGLBlMgmFm6NEVABOUTrOaNbSB1MJhQehRENKucc8FWUtoR-mbbfi4dk_YeAEyzymRmGe5Dx-zRIP47lnZmk3SSE4DHeZt4NB0cKOhS15R_RxGfTmpVdLZ4gL8qtRdMdrZRTPYCbzeOgGLJPwhHsC68Dw=&vjs=3&p=6&sk=&fvj=1
23,Oulu,Kotisiivoojaa,Marian ja Sillä Siisti Oy,Helsinki,"Kotisiivoojaa pääkaupunkiseudulle Helsinki, Espoo, Vantaa Etsimme kasvavaan tiimiin iloista oma-aloitteista kotisiivooja - tule meille töihin Työ alkaa heti...",,http://indeed.com/pagead/clk?mo=r&ad=-6NYlbfkN0An3P4t8uVi_ELAiEweLM6QzWd7uBv5QyBBjYY1fC0F7ceVcSLczbDxQK2n1xgfYjGXniu9WStnG7htzjZyWaGh8SzT8vKjdAK8b1krnxHAumgKbL8W6dyTiXjm-1Vo1P9F51cz9tnWcpUcHQ0nXGQZ1YvF_3Ou3ninbch5AUQ81Ns17tWFFJxOZtUvrpKHXiPQcgoacQ0_Motp9QXdR0Oi2z-o5GBe8zY03fHK6VhgOA0jlcrfOEQ4lhBS55dYbbWsOraLFbeZefdj5K9u8sjIxeSchqDqipmFy8SoQNOvJZ527qyKn4Pb-4xK_XEwS1hDwAe_-_IVzC-BUdktFU0rluTLE7PLuS4ITGcypLhYx6Z8T3eBCXwX3ctcQ4jeTK7IsLRGi0fzj8cgXcmhDRAfuUCH9tY9OZk=&vjs=3&p=6&sk=&fvj=1
24,Oulu,Customer Service Coordinator,Vaisala,Helsinki,"In Vaisala’s Weather and Environment business area, our forward-thinking team focuses on providing solutions to react on challenging weather or air quality...",,http://indeed.com/pagead/clk?mo=r&ad=-6NYlbfkN0C-y3nPVTcVVIQYCDalq_0ZwvXIP-cKtNq3Q5aJsS20Z9x8e-ifIvOG1_iIfBO9-EcGmarDzRWBiBTrnZw4R9S-pjb1jDS17RIoY73xABOdKkROn-teT-h25pBXuyGBttfLH3dew83421sp9GkgYxYOTh1ddylcakVVVyLEXySCfeivAjSI4l1HkyURVw5wTDDEGXX-wU4zPyqLqYa9Z4624gcmE1pw3H-sJENag4f3nNKVqVOqm81Q5m51PIIMSTj5_-WYjqW2rAV89pfE5iaDdeLuK1K7MZDR9QMIAHZkjqBD_LdUCH5EkPVakRRFRb4r45efc6dn-1ZnxwRlrFvv-kk8wOFTHoeCbbARoJ3Gt4fipdpepbpqnJgAux9f_Y0H2cet6wtal6utruwpgwO3QlfYbRpKDYdMjduLfJd-eH9aSF_CIukvVnMRpXgsS7NBPIoq-6Y8p4f0fJDsumapMt1UBQYW3asVMOPMEIReIX6BOcXZY53myT4Wq4pp7Hdnz66KhgxEplmc5MNlfV_lKcFPEYGoKuIjkDCjeliJ109JTw71SoPOenVsZdFMbnSrl4kONnpVz_wgZ9KNToqOc1_zOH27rHd5z1PfI1Bg-p_53sp4pjBkgezg4ngRbLLgz0T1TSAVhDmmk0mS0RHguhH5fevE_dS_ISmb6pNqAyics9HobOYrgfp-EjmdT9E=&vjs=3&p=6&sk=&fvj=0
25,Oulu,Customer Service Coordinator,Vaisala,Helsinki,"In Vaisala’s Weather and Environment business area, our forward-thinking team focuses on providing solutions to react on challenging weather or air quality...",,http://indeed.com/pagead/clk?mo=r&ad=-6NYlbfkN0C-y3nPVTcVVIQYCDalq_0ZwvXIP-cKtNq3Q5aJsS20Z9x8e-ifIvOG1_iIfBO9-EcGmarDzRWBiBTrnZw4R9S-pjb1jDS17RIoY73xABOdKkROn-teT-h25pBXuyGBttfLH3dew83421sp9GkgYxYOyc727iTdSgfTzBV0HIpUkj31QbKEy0q02C3FJLL2i9QOpYaBL828sILUwRO27ZGgFx57sHDfAcboha4LnpeRSeu2BuM7VX85UYFgN9Q-HWE38eYu2syMvq8IMGbODGUO2y86uZfWxx84tWmZQ4H3dDxQ2w6aQ04LLVKJQTW4hyA4x9vjwFhP25YNe1qrxL26I-HQSy1wWmi0FO7pchy5XD-GdRkC2RQh_ec-xDv6_-QM9mr23gpJyPQtinieNEbYJjI4sVWywq2Cw9e874tpWaC3KKDdVOiq0qERaivKpRJulkACrHCBzX1FUJMF1lCscrcxaLZoMOPhsmhgY1X-OnmFqKlt4obFww7C9DYqtCA6eGu2XfP-gOWx37Zg43jn5U8c4VfGUKGj6pztprVUPbhEl-AcHq_nCRhUgRJtvqmmVdzH9p4dkMagbjpAJVJ9pbhUMuPDtEdZ_hGtoPivkrJqt1SvR5VsvLdChJvYtPeoC4AgwhV2MmbDk5g76JfH_UAyWURJbP6svaATVMIWxEbJceUykjwvGckU1CcyAm0=&vjs=3&p=6&sk=&fvj=0
26,Oulu,Myyntipäällikkö,Finnacta Oy,Helsinki,"Etsimme asenteellisesti lahjakasta henkilöä toimimaan yhtiömme myyntipäällikkönä pääkaupunkiseudulla. Toimialueesi on Helsinki, Vantaa ja Espoo....",,http://indeed.com/pagead/clk?mo=r&ad=-6NYlbfkN0DtHlbVmCuoMGCH-otvTazhiD-5Gp7bEjjE9EkCwGU0SRDO3uUKX07EXEdL12zkpbxmfpAc65WY-dpnenMiCneL4QpyqY9r8QVq4sNTRF5f5aS244hWDrDLZ1Bb_RVITRP4VmBJE8HvZFrHPBrvUdQzpEXWzzmCkbEBvV4ZN90rBZnlFQZmW15zm4CpVZwUp6LezzyazJCiOF0DsPaJgNJLFF2IEQFzi76PsSaC4mIhWD8gPfU1kIV52IX4y-8e2l5xhoRbANrIi9t8MNwmmoDnYtIWMB2aLa5gw19UQ25_fOA7Eqo-mAO75QUGcLAr_LLte4Q-2v6IwwUuVvAQQp644-OnC4UdcCmHu9VAt6Tmby7ABBF-JF-vD-mFutFmu0nYdwK_RH6D3VQuAGRJcF4AhKYSPTg-BoB6oiUo-NaE5JLGGLEko-DHlxDOkXZHkgY=&vjs=3&p=6&sk=&fvj=1
27,Oulu,Koko- ja osa-aikaisia aulavartijoita,Prevent 360 Turvallisuuspalvelut Oy,Helsinki,"Haluatko siistin työn, jossa olet paljon ihmisten kanssa tekemisissä ja pääset toteuttamaan iloista asiakaspalvelua muuttuvassa työympäristössä? Jos...",,http://indeed.com/pagead/clk?mo=r&ad=-6NYlbfkN0Dr5X7gwn7SfSqxLTIffrtMgTwDFH0yl8fMAdgkb9ALQDPF_NQ0ZvgweMxw5nvgkkWOO0DKjvy-z0n_d7qCodJe-PH6ik6vlCFGn6JIrPu_RFu4y_EQRR1lNlv7cNUVHbn3xZ4oBZ7-nth8WXz6-M-A5vw-uY411JyzPtjt8u7EtfOdjFo4-UoJwGUaciLyb0ChZL50hDP-zfOm2OCI7mM90wSZbgEuHY1181q0V2Ni4cjsJ2KK-O1HydBrxQLE4KF4ZorUd2vsKXwSuGva62X84Sjdu_Azi3Oiujf0WUAiQfZBfJ5cqmapxJBEee9Dkkl7Y6T3keuN4Sw8Gl4aJsT25wBH8pPDl2mWphQV2_ekcFtgB_tq8zjx7eYp7SvbRmvhHJdSLR-1ZPlkaoPtKYfcUJq6KWf6sN2uEJsXVwChIWKqKNrZk3Gt3DmSfRDDbKrM6Tzt4ZSPEarKLOaraGFjb8XG2HGb8F94GsT67odkID46r6Dd-jUQOZbuXOeO30-sLNBBPtA2EYGQOkad8uwOIFShLnBARQhMelVhHZnFZOg5le-qxU93SzL9quD-8YdRHJ7W_dIYUfuHZ_Sg5JwerlQKAt5CgSVJn2f_8qXCkqNAwEz34Uctiqi73eENf4Q8urfn4f24EqZlu_9RMlsoLOzj7YQc2f8=&vjs=3&p=6&sk=&fvj=0
28,Oulu,Customer Service Coordinator,Vaisala,Vantaa,"In Vaisala’s Weather and Environment business area, our forward-thinking team focuses on providing solutions to react on challenging weather or air quality...",,http://indeed.com/pagead/clk?mo=r&ad=-6NYlbfkN0C-y3nPVTcVVIQYCDalq_0ZwvXIP-cKtNq3Q5aJsS20Z9x8e-ifIvOG1_iIfBO9-EcGmarDzRWBiBTrnZw4R9S-pjb1jDS17RIoY73xABOdKkROn-teT-h25pBXuyGBttfLH3dew8342xPr8bowdFGHiK6lYQ_3Y3pIVew2NN20U_Pube96KQBcPBkblN8z7UjbfadPZlXmWQ7sttANYSu_tZZvIDnE7Xct_xuRGMNexVKjDSLxEFsq-LYcTYy55lrBSPwk2ZXl0Rf3t6MAXmbyyDGlhTq0o5jgkmVztnLbi5XBUIEeWotkrZpbhFkeT7PR-7O0fYqlencxD8I5FXSy92U5oKEUCZF_VE_tAVS8cLqFecYBF6RJB8DiDyNLe9Fz8G0UAdIQ-nyBUu7RozMgQ7py_CfpoSMsOpXamwJpf5XxIvn0bcOMX-zp2W70TR-GdNEcLpsflz_xALaMPMxNWACDNc9DQ3c8UR2YDAma9946wde9sobxbW2XoTPgnyjya1LKQDmsvFDM_HoT1slV9n-r72v2xdbB_vwOFgRnH8kp_EDm0jvb7hcFiH3ZnmUkJQ5aED917QZ9x6o8qYQEkjUMT1ETkGTw1isahc112nQF0_iqDthBMQ-xMBbHJ8hrT3QO0rrxCQLqtbbfrvk84TCYXBvmdTMhlMYIrFqwhaDQ2VQTQN3bmQN-c9TMrXU=&vjs=3&p=6&sk=&fvj=0
29,Oulu,Customer Service Coordinator,Vaisala,Vantaa,"In Vaisala’s Weather and Environment business area, our forward-thinking team focuses on providing solutions to react on challenging weather or air quality...",,http://indeed.com/pagead/clk?mo=r&ad=-6NYlbfkN0C-y3nPVTcVVIQYCDalq_0ZwvXIP-cKtNq3Q5aJsS20Z9x8e-ifIvOG1_iIfBO9-EcGmarDzRWBiBTrnZw4R9S-pjb1jDS17RIoY73xABOdKkROn-teT-h25pBXuyGBttfLH3dew8342xPr8bowdFGHZVpI5r2HQsoMrJCWZOZl3qs_71DPePp2sW_Yf7z3fdROldt4vQ5erF69soMilNgi50VGnB-Dyl0uHLx8TpK5EDRikPh13vNamHJ6IRgvtNyMKf6JdhArXDDAtIW0MdwswQWTO6oLIYXay8OOuuNORcXtBBCjrukdfvlcWxRhvpS3OVUh6mrfaSdQOL9KXoEgZajtNV6IYkt0-FNvcNSG2J-DbnP01aAwlzdZ3XMIFStQnst4mADh2tSzTp3MtKwC4ja4S3egv1Hmum6lnDR-m1yVDGVn9Uuc4TO_ojA_jqrlLyQSuqMWaUIv_ZgV10QYr0xc13PO5N7D7nJMmzva994Nv0I6x02z5_VLCXc8W91rh6qE78ND0rjaj16RoLNKBeOa954R4xb9709gY2NxypC0uD9pjOIM0MUVhYol48_FrhDE2O4BrYTs7Ls34FQeQxiJNyZ6xvtCreEhZrdzwVBW6x_1quWusKBOam1IMVnpXVqxCUWawedVtEdTBEj3A7LMgsCG0T_TIdG7oG5q5YLKQlFnrvWNBsedJTDmelQ=&vjs=3&p=6&sk=&fvj=0
