,Title,Company,Location,URL,Summary,Job Description
0,Myymälävartijoita,Prevent 360 Turvallisuuspalvelut Oy,Espoo,http://indeed.com/pagead/clk?mo=r&ad=-6NYlbfkN0Dr5X7gwn7SfSqxLTIffrtMgTwDFH0yl8fMAdgkb9ALQDPF_NQ0ZvgwDdgGmae8yLxb0hrmxYNQzu3lHSg75KUHP_USGFG_uYGaycKrgW-Ayn8hy5VJBWCYZCWyxPx9mOaoyHYH3Sk77bVScmpILIf3mlkCEObcFfaFbA2n4cDplJrRLtxOddCXpdnpVjlDSMYxTrx9EzxxtMk9zG_LZabBRHVgxnHYwSz0gxPHe0DRB0Y0u9KQx1Quk9EJ5yQaxML1LOfqr2pCluZwEnfd7MUwCr0BLS7iZPcWgbCXftF5CpPU1Du_s13Se-h_ObE6OcbYDopJre7eys_m2vVs2Uc8d01S7YRwvqWx0n9263wIjSIq2H_lGXndq8D4SN6lkv6qN3jZU2cbeg7oB5usnuLErTYe76-L9jp2gGbGYQldppLpWGgnwALMmC27bgJfV3UozEMbsqeOUuo9gwHZZDPCmLNB89WfFk7OmER4dNOgv6YQ8ELlh9vmfx43QiSmRouVg5D44f8tPOrULRvbUrLcUafVnFR1LFXnuzWf_7ZZy5FRgQqBauJ4dP6TGjvGr-yK5bj7G8nR9FVMTf7ReC61YPdW1HoLoQ9Mre_65JOI0oGOhxHsk0fV3JslKRDDBAls37XXkQe5TQ==&vjs=3&p=6&sk=&fvj=0,Prevent 360 Turvallisuuspalvelut Oy: llä tehdään työtä intohimolla. ”Ammattitaitomme on meille kunnia-asia ja olemme aina valmiita ottamaan uusia haasteita...,-1
1,Myyntipäällikkö,Finnacta Oy,Helsinki,http://indeed.com/pagead/clk?mo=r&ad=-6NYlbfkN0DtHlbVmCuoMGCH-otvTazhiD-5Gp7bEjjE9EkCwGU0SRDO3uUKX07EXEdL12zkpbxmfpAc65WY-dpnenMiCneL4QpyqY9r8QVq4sNTRF5f5aS244hWDrDLZ1Bb_RVITRP4VmBJE8HvZFrHPBrvUdQzf_dVMxuxZB_BfX4eBhbSs9FmNbZAr-L80S4MsIFqvvOuV8BJvWA7obi3IT1DAeGjBIz1kQxl3cDQ39VD4gXHiUqlBBnF8ZDmQG9GJpUKqOXGVd7_pXwT09TU_A1uU3WAt-46moc9cDKdUfDblnFIKqdF9rrEDDWKtrFboJib-XIqbGYDEnKsx8W69ITHQNGzkIuQe0h-gUVq_99QhyIl7rNTA2Ce2DrQqXWoY13ShAca5gem9d04PjgUEOKhONDusHt3YlqCifTm03OJr75SNz7fInfjO5KDqbAEJlaZFAw=&vjs=3&p=6&sk=&fvj=1,"Etsimme asenteellisesti lahjakasta henkilöä toimimaan yhtiömme myyntipäällikkönä pääkaupunkiseudulla. Toimialueesi on Helsinki, Vantaa ja Espoo....",-1
2,Myymälävartijoita,Prevent 360 Turvallisuuspalvelut Oy,Helsinki,http://indeed.com/pagead/clk?mo=r&ad=-6NYlbfkN0Dr5X7gwn7SfSqxLTIffrtMgTwDFH0yl8fMAdgkb9ALQDPF_NQ0ZvgwDdgGmae8yLxb0hrmxYNQzu3lHSg75KUHP_USGFG_uYGaycKrgW-Ayn8hy5VJBWCYZCWyxPx9mOaoyHYH3Sk77di3CL1ojqz7UxoHLTRIyz2qftZ_HBa-sCLp_oKsoTVSn0YukoDMo_-LFiSDsrJ8fuuKXW6TyvFp0OFHbphjO_xSkLe0xpfcAaQloJSQ921G7YgmvRAnoCaqG0Fz-DrdSrSRQGIiVMsEjzEvAmlstp69uTGQGrmCiwAsOEo0Xv3onadrvUwFU4C10Z4aCJaKYAydcWL6rVP7V1y-t0HVDLKIv_U_DKpAgo9H8fT8pZT_s2MSt1nwBT9hff-JVqtORVXbHHhXN7ufcVZXxd-G5mRqWjajqymnZXHht0-o04Aj-xeRKrS1nH6muiVlcktmJlXpJMLWgh1cbKT9DhgWGZ_GFyqvKzlBqK5OyXTo0lzivimD221XLz-Z3iJbKALeBWyInNSJi_BlmXXpUm9NXbVORK0adejosHbadIIepfr61ziawigcptIXqGlSNBGg6LKBsAsv973V_-v3XqDECNkiHFp7qgLrCM-cCEjr7eg81R_zZXb8IxM0Ca_HVVqkig==&vjs=3&p=6&sk=&fvj=0,Prevent 360 Turvallisuuspalvelut Oy: llä tehdään työtä intohimolla. ”Ammattitaitomme on meille kunnia-asia ja olemme aina valmiita ottamaan uusia haasteita...,-1
3,12 Asiakasneuvottelijaa,Finnacta Oy,Helsinki,http://indeed.com/pagead/clk?mo=r&ad=-6NYlbfkN0DtHlbVmCuoMGCH-otvTazhiD-5Gp7bEjjE9EkCwGU0SRDO3uUKX07Evkzxl7TTlCS1GaPHBssBk0j63p0O28lzvjMfZpXn4AMg1-_7uGoM4Ym9kwCxknxZGVFh3kNWt8HM_X96GEHJeTV71YhnkibqnxRatzVDbbXpWz1SCDBB093poNKYopLhia2-oG2t_aSrKbbJoA4j6VH-_P53IqLnkOKjinh5ixsZv3atJYkJDwaGz0RBIEPP7blXwFi87xSjd4sSqc7YaMJ8ufhbS2ig7bj0-5k1CtXUzZ8PMEF30cYiW0DXLgffihH5Eo54FwbsKxTBsg9y415sU26UZT5F4d5F9x9-nKpNwflnCDGMDd-7w7mVYdOw7BlBNgbtob2N0Idy7_U4U5XGJFk3-_bLTvxM5EzS8iv1Dxu3SoCy2A==&vjs=3&p=6&sk=&fvj=1,Uutta Helsingissä! Koulutamme 12 henkilöä palvelukseemme asiakasneuvottelijaksi. Mikäli et ole alalla aiemmin ollut; Voit aloittaa 1kk mittaisella Try-out...,-1
4,Myyntipäällikkö,Finnacta Oy,Helsinki,http://indeed.com/pagead/clk?mo=r&ad=-6NYlbfkN0DtHlbVmCuoMGCH-otvTazhiD-5Gp7bEjjE9EkCwGU0SRDO3uUKX07EXEdL12zkpbxmfpAc65WY-dpnenMiCneL4QpyqY9r8QVq4sNTRF5f5aS244hWDrDLZ1Bb_RVITRP4VmBJE8HvZFrHPBrvUdQzf_dVMxuxZB-76YdbpWK1uo2FaQP9an7K_DjsPSMz9-hBFX1Yc4s6sqTDEqzgBEk-JzX-wdFI96Q7ZckwhcuaktPj42WIPLmAYio5LCETo6plpd3OiVaWR0kN2GOy-VcNUuRVaDuWPZWZDYFL6J3jgqILspLIDeVghArhV8sZwG2eHUpoUmKQ0Av-KHGZ4xJA8A-OBMRdpMA3EQjCyLgyPYperhtpK4UX8t_lcj-qX3KFYmpmVGhMUgrX_CoJQXRBoWlcqJ6ahwkOyH3WSSnnKoNadQ4adDoA_BC9_3lNbTc=&vjs=3&p=6&sk=&fvj=1,"Etsimme asenteellisesti lahjakasta henkilöä toimimaan yhtiömme myyntipäällikkönä pääkaupunkiseudulla. Toimialueesi on Helsinki, Vantaa ja Espoo....",-1
5,Myyntipäällikkö,Finnacta Oy,Helsinki,http://indeed.com/pagead/clk?mo=r&ad=-6NYlbfkN0DtHlbVmCuoMGCH-otvTazhiD-5Gp7bEjjE9EkCwGU0SRDO3uUKX07EXEdL12zkpbxmfpAc65WY-dpnenMiCneL4QpyqY9r8QVq4sNTRF5f5aS244hWDrDLZ1Bb_RVITRP4VmBJE8HvZFrHPBrvUdQzf_dVMxuxZB-2MWvgIsF9xli72KBokPTAwiCH6LL7dsB67yfgAWV_HH7XNhhu6j6yApcYyFbKXssN0wmREPpd7Z0_caarUI5walxQ1sPmMsZJaIYjkchVbaWoBtCr5sh3TbNGjcQ_Tpr1PAimoE1EgQMe2p_6_p--dSUvQgiBg9apgg2F4RuEhu4QJL3yZ_6f5CYhF_TnwuuZHnspZ1PBj0_yXNu6sYJEYSVcJW0VRXPaYf9_tEFIwQmUY36V6FymvtkdyTYm4vuOlYsCGZg55_HhUJT6z7cvzwzeMlmDOLE=&vjs=3&p=6&sk=&fvj=1,"Etsimme asenteellisesti lahjakasta henkilöä toimimaan yhtiömme myyntipäällikkönä pääkaupunkiseudulla. Toimialueesi on Helsinki, Vantaa ja Espoo....",-1
6,Myymälävartijoita,Prevent 360 Turvallisuuspalvelut Oy,Helsinki,http://indeed.com/pagead/clk?mo=r&ad=-6NYlbfkN0Dr5X7gwn7SfSqxLTIffrtMgTwDFH0yl8fMAdgkb9ALQDPF_NQ0ZvgwDdgGmae8yLxb0hrmxYNQzu3lHSg75KUHP_USGFG_uYGaycKrgW-Ayn8hy5VJBWCYZCWyxPx9mOaoyHYH3Sk77di3CL1ojqz7WSyNFmewRC0LIe8SpCJ8GB1hzLaMEJhMcnG5gZahL-NO9KaiG0uOs2z0P6oYczanVQMicDFFAgPnXrp9ZnT7hN6iTvnW5uNk7Cb-Yw1_K5AEiL_7A6h-eR49os0TURBdYlNtD0VBNIoJp7aRF0Sa7UnCLYE4jH_WGOz2gGfklX5GAoOMLqTnHFCyl-wEIoqZfkRLR1sC0VoQzDQlf2gksqn62Vc9qu8rV07NdAwog-auvd8n6rBDYUVh_kaEG1VyJir0G_x2QDVso8f7AFxQwOUAlEKbHWOISR5XgR-LmB0CAFPHJWUnZCrTzx7iPFo4DEGKbil8CB3N44FxZJCDQZtGb6e9pC_IhcmGFhNHL9ABR2OlT2LTyVa7mG1t9dD-4jOWKG0B-cqjW1BmBGTZxV-7Xnn-TNv3SsQ9BAWMyiapiAekxeMYzxpwIB6KhBRFs9eAfRG2StOiNPTrLaZF2VTUIRYmF6icAqY0lnZxUAIr-ROBWrRwyQ==&vjs=3&p=6&sk=&fvj=0,Prevent 360 Turvallisuuspalvelut Oy: llä tehdään työtä intohimolla. ”Ammattitaitomme on meille kunnia-asia ja olemme aina valmiita ottamaan uusia haasteita...,-1
7,Taksinkuljettaja,Taksipalvelu Simonen Oy,Helsinki,http://indeed.com/pagead/clk?mo=r&ad=-6NYlbfkN0BKozJpT_yXUSc9eX5Y49FJvEeOvOcVY74FXWKFVTsYPesAQu9V8qfmJwHfMoCrXYfT7gbL4Q749jQMTZ2OokAdjnYTpZNlVYVv3uT_SZABTHcOhOdpEZ6IZr1D6NCWD9TS7sU6Jr_iO-4HY55pnfAOhzCsNbGhzwQw84MBBK_CmFT7bawQioCS_r06m_w4cufFUXWJI0wukjjWKPXSDVa4oCB_t-1HQD3ZWmap5N3AuvtLkV8hT4FrlY0xu5gJfUSIoqAHtLZpn0MVQ9FOaIW-l1iXbSafK93TK4nRM8yJLycN_NG8nGXBFd9Vmc5jECDXcbBfBEi5C1L1YxkAIn6Gr37yZ5dLUa1fOGhwNzvCbX4a8Fotg_c4t8WzYPHjTEyAvIHKe37XyVEYh7jOfyYX5OGDxy9kV2o__dsHyXXHuQ==&vjs=3&p=6&sk=&fvj=1,Haemme vakituisia/osa-aikaisia/määräaikaisia taksinkuljettajia. 30 vuoden kokemuksella opastamme ja lisäkoulutamme kuljettajista alan ammattilaisia....,-1
8,Myyntipäällikkö,Finnacta Oy,Helsinki,http://indeed.com/pagead/clk?mo=r&ad=-6NYlbfkN0DtHlbVmCuoMGCH-otvTazhiD-5Gp7bEjjE9EkCwGU0SRDO3uUKX07EXEdL12zkpbxmfpAc65WY-dpnenMiCneL4QpyqY9r8QVq4sNTRF5f5aS244hWDrDLZ1Bb_RVITRP4VmBJE8HvZFrHPBrvUdQzSGBCWkIKsREr4aKMIb-3al55OnHxDGnBO12CrovV_Aa8c-pdGUW5ldpb5nS3WzRIlInck9s1Gd7Tl23I9JIUrXzSDIPmk6rzhg9Mplgq7E62yTNmYCm5365-sFABzkGwzByu_MExCIdLbOlq1RYpYoFF7zCaZpRFBf2XzmrIMv18wM8ZiMKDlti0hIf5RkHQ88wbbl0IrVbaQQdOkC-G-4bGO39UZoQRGR_D_2PmV5R8uU45TcS94Jht1fKwzqNxbP--CjouHx7yPAfh6vrkIU-tY0TSIRZ189qpFgBttcE=&vjs=3&p=6&sk=&fvj=1,"Etsimme asenteellisesti lahjakasta henkilöä toimimaan yhtiömme myyntipäällikkönä pääkaupunkiseudulla. Toimialueesi on Helsinki, Vantaa ja Espoo....",-1
9,Myyntipäällikkö,Finnacta Oy,Helsinki,http://indeed.com/pagead/clk?mo=r&ad=-6NYlbfkN0DtHlbVmCuoMGCH-otvTazhiD-5Gp7bEjjE9EkCwGU0SRDO3uUKX07EXEdL12zkpbxmfpAc65WY-dpnenMiCneL4QpyqY9r8QVq4sNTRF5f5aS244hWDrDLZ1Bb_RVITRP4VmBJE8HvZFrHPBrvUdQzSGBCWkIKsRFiosJLut9OR7LY47l4DyP8g-IQUi40-nkopi8k0ZqVGS1Qkh8VNxpebbX08RbNXYOKYktF7zDEPpJiHIcusbgXpHjS4KW6M0OexSx89CfQPGZXW6zMBac92NKHPBJs_wkeq4H-xDcjhez8HNgHcTvD4ZdwMHWgjcs_cdyjAvKSguyRrE9jOMuP_IfJF69kwwImeME_L91c_J09ePVKZUulDNLGBQWBk0f56Rmov3ZsXZ9p5s60NOu-NqeGkIMO9-hK2f0Ckf7VWvLxgrcYOi1aB763oCFsS8w=&vjs=3&p=6&sk=&fvj=1,"Etsimme asenteellisesti lahjakasta henkilöä toimimaan yhtiömme myyntipäällikkönä pääkaupunkiseudulla. Toimialueesi on Helsinki, Vantaa ja Espoo....",-1
